Region,Country
Aargau,Switzerland
Abkhazeti,Georgia
Abona,Spain
Abruzzo,Italy
Achaia,Greece
Achkarren,Germany
Aconcagua,Chile
Aconcagua Costa,Chile
Aconcagua Valley,Chile
Adelaide Hills,Australia
Adelaide Plains,Australia
Aegean,Turkey
Aegean Sea,Greece
Afips River Valley (Долина реки Афипс),Russia
Aglianico del Vulture,Italy
Agrelo,Argentina
Aguascalientes,Mexico
Ahr,Germany
Ahrweiler,Germany
Aigle,Switzerland
Ajaccio,France
Albana di Romagna,Italy
Alcamo,Italy
Alella,Spain
Alenquer,Portugal
Alentejano,Portugal
Alentejo,Portugal
Alexander Valley,United States
Algarve,Portugal
Alghero,Italy
Alicante,Spain
Almansa,Spain
Aloxe-Corton,France
Aloxe-Corton 1er Cru 'Clos du Chapître',France
Aloxe-Corton 1er Cru 'Les Chaillots',France
Aloxe-Corton 1er Cru 'Les Fournières',France
Aloxe-Corton 1er Cru 'Les Valozières',France
Aloxe-Corton Premier Cru,France
Alpes-de-Haute-Provence,France
Alpi Retiche,Italy
Alpilles,France
Alpine Valleys,Australia
Alsace,France
Alsace Grand Cru,France
Alsace Grand Cru 'Altenberg de Bergbieten',France
Alsace Grand Cru 'Altenberg de Bergheim',France
Alsace Grand Cru 'Brand',France
Alsace Grand Cru 'Eichberg',France
Alsace Grand Cru 'Engelberg',France
Alsace Grand Cru 'Florimont',France
Alsace Grand Cru 'Frankstein',France
Alsace Grand Cru 'Froehn',France
Alsace Grand Cru 'Furstentum',France
Alsace Grand Cru 'Goldert',France
Alsace Grand Cru 'Hatschbourg',France
Alsace Grand Cru 'Hengst',France
Alsace Grand Cru 'Kaefferkopf',France
Alsace Grand Cru 'Kanzlerberg',France
Alsace Grand Cru 'Kirchberg de Barr',France
Alsace Grand Cru 'Kirchberg de Ribeauville',France
Alsace Grand Cru 'Kitterle',France
Alsace Grand Cru 'Mambourg',France
Alsace Grand Cru 'Mandelberg',France
Alsace Grand Cru 'Marckrain',France
Alsace Grand Cru 'Moenchberg',France
Alsace Grand Cru 'Ollwiller',France
Alsace Grand Cru 'Osterberg',France
Alsace Grand Cru 'Pfersigberg',France
Alsace Grand Cru 'Praelatenberg',France
Alsace Grand Cru 'Rangen',France
Alsace Grand Cru 'Rosacker',France
Alsace Grand Cru 'Schlossberg',France
Alsace Grand Cru 'Schoenenbourg',France
Alsace Grand Cru 'Sommerberg',France
Alsace Grand Cru 'Sonnenglanz',France
Alsace Grand Cru 'Sporen',France
Alsace Grand Cru 'Steinert',France
Alsace Grand Cru 'Steingrubler',France
Alsace Grand Cru 'Vorbourg',France
Alsace Grand Cru 'Wiebelsberg',France
Alsace Grand Cru 'Zinnkoepfle',France
Alsace Grand Cru 'Zotzenberg',France
Alta Langa,Italy
Alta Mesa,United States
Alta Valle della Greve,Italy
Amador County,United States
Amarante,Portugal
Amarone della Valpolicella,Italy
Amarone della Valpolicella Classico,Italy
Amarone della Valpolicella Valpantena,Italy
Amelia,Italy
Amontillado Sherry,Spain
Amyndeon,Greece
Anapa (Анапа),Russia
Ancient Lakes of Columbia Valley,United States
Andalucía,Spain
Anderson Valley,United States
Anjou,France
Anjou-Villages,France
Ankara,Turkey
Ansonica Costa dell'Argentario,Italy
Apalta Valley,Chile
Applegate Valley,United States
Arabako Txakolina,Spain
Aragatsotn,Armenia
Aragón,Spain
Ararat,Armenia
Arbois,France
Arbois Pupillin,France
Arcole,Italy
Ardèche,France
Arizona,United States
Arkadia,Greece
Arkansas,United States
Armavir,Armenia
Arribes,Spain
Arroyo Grande Valley,United States
Arroyo Seco,United States
Arruda,Portugal
Arínzano,Spain
Asolo Prosecco,Italy
Assisi,Italy
Assmannshausen,Germany
Asti,Italy
Atacama,Chile
Atalanti,Greece
Atesino delle Venezie,Italy
Atlantique,France
Atlas Peak,United States
Atlàntida,Uruguay
Attiki,Greece
Auckland,New Zealand
Aude,France
Augusta,United States
Auxey-Duresses,France
Auxey-Duresses 1er Cru 'Les Duresses',France
Avdira,Greece
Awatere Valley,New Zealand
Badacsony,Hungary
Baden,Germany
Bagnoli,Italy
Baia,Romania
Bairrada,Portugal
Baja California,Mexico
Bajo Aragón,Spain
Balaton,Hungary
Balatonboglár,Hungary
Balatonfüred-Csopak,Hungary
Balavaud,Switzerland
Ballard Canyon,United States
Bamboes Bay,South Africa
Bandol,France
Bangalore,India
Banghoek,South Africa
Bannockburn,New Zealand
Banyuls,France
Barbaresco,Italy
Barbera d'Alba,Italy
Barbera d'Asti,Italy
Barbera del Monferrato,Italy
Barbera del Monferrato Superiore,Italy
Barco Reale di Carmignano,Italy
Bardolino,Italy
Bardolino Chiaretto,Italy
Bardolino Classico,Italy
Bardolino Superiore,Italy
Barolo,Italy
Barolo Chinato,Italy
Barossa,Australia
Barossa Valley,Australia
Barsac,France
Basilicata,Italy
Beamsville Bench,Canada
Beaujolais,France
Beaujolais Nouveau,France
Beaujolais Supérieur,France
Beaujolais-Villages,France
Beaumes-de-Venise,France
Beaune,France
Beaune 1er Cru 'Aux Cras',France
Beaune 1er Cru 'Blanches Fleurs',France
Beaune 1er Cru 'Champs Pimont',France
Beaune 1er Cru 'Le Clos des Mouches',France
Beaune 1er Cru 'Les Aigrots',France
Beaune 1er Cru 'Les Bressandes',France
Beaune 1er Cru 'Les Cent Vignes',France
Beaune 1er Cru 'Les Chouacheux',France
Beaune 1er Cru 'Les Fèves',France
Beaune 1er Cru 'Les Grèves',France
Beaune 1er Cru 'Les Perrières',France
Beaune 1er Cru 'Les Sizies',France
Beaune 1er Cru 'Les Teurons',France
Beaune 1er Cru 'Les Vignes Franches',France
Beaune 1er Cru 'Montée Rouge',France
Beaune Premier Cru,France
Beechworth,Australia
Beira Interior,Portugal
Beiras,Portugal
Bekaa Valley,Lebanon
Benaco Bresciano,Italy
Bendigo,Australia
Beni M'tir,Morocco
Bennett Valley,United States
Bergerac,France
Bergerac Rosé,France
Bergerac Sec,France
Berkane,Morocco
Bern,Switzerland
Bernkastel,Germany
Beudon,Switzerland
Bex,Switzerland
Bianco di Custoza,Italy
Bielersee,Switzerland
Bienvenues-Bâtard-Montrachet Grand Cru,France
Bierzo,Spain
Biferno,Italy
Binissalem-Mallorca,Spain
Bio-Bio Valley,Chile
Biscoitos,Portugal
Black Sea,Bulgaria
Blackwood Valley,Australia
Blagny 1er Cru 'La Pièce sous le Bois',France
Blanquette de Limoux,France
Blaye,France
Blaye-Côtes de Bordeaux,France
Boca,Italy
Bolgheri,Italy
Bolgheri Sassicaia,Italy
Bolgheri Superiore,Italy
Bonarda dell'Oltrepo Pavese,Italy
Bonnes-Mares Grand Cru,France
Bonnezeaux,France
Bonnievale,South Africa
Borba,Portugal
Bordeaux,France
Bordeaux Clairet,France
Bordeaux Moelleux,France
Bordeaux Supérieur,France
Borden Ranch,United States
Bot River,South Africa
Bouches-du-Rhone,France
Bourgogne,France
Bourgogne Aligoté,France
Bourgogne Côtes d'Auxerre,France
Bourgogne Hautes-Côtes de Beaune,France
Bourgogne Hautes-Côtes de Nuits,France
Bourgogne Le Chapitre,France
Bourgogne Montrecul,France
Bourgogne Mousseux,France
Bourgogne Passe-tout-grains,France
Bourgogne Vézelay,France
Bourgueil,France
Bouzéron,France
Brachetto d'Acqui,Italy
Brauneberg,Germany
Breede River Valley,South Africa
Breedekloof,South Africa
Breganze,Italy
Brindisi,Italy
British Columbia,Canada
Brouilly,France
Brunello di Montalcino,Italy
Bual Madeira,Portugal
Bucelas,Portugal
Buenos Aires,Argentina
Bugey,France
Bullas,Spain
Burgenland,Austria
Burkheim,Germany
Buttafuoco dell'Oltrepo Pavese,Italy
Buzet,France
Böchingen,Germany
Bündner Herrschaft,Switzerland
Cabardès,France
Cabernet d'Anjou,France
Cabernet de Saumur,France
Cachapoal Valley,Chile
Cadillac,France
Cadillac-Côtes de Bordeaux,France
Cafayate Valley,Argentina
Cahors,France
Cahul,Moldova
Cairanne,France
Calabria,Italy
Calatayud,Spain
Calaveras County,United States
Calchaqui Valley,Argentina
California,United States
California Shenandoah Valley,United States
Calistoga,United States
Calitzdorp,South Africa
Campanha Gaúcha,Brazil
Campania,Italy
Campi Flegrei,Italy
Campo de Borja,Spain
Campo de la Guardia,Spain
Campos de Cima da Serra,Brazil
Canavese,Italy
Canberra District,Australia
Candia dei Colli Apuani,Italy
Canelones,Uruguay
Cangas,Spain
Cannonau di Sardegna,Italy
Canon-Fronsac,France
Canterbury,New Zealand
Capay Valley,United States
Cape Agulhas,South Africa
Cape Point,South Africa
Cape South Coast,South Africa
Cape Town,South Africa
Capriano del Colle,Italy
Carignano del Sulcis,Italy
Cariñena,Spain
Carmel Valley,United States
Carmelo,Uruguay
Carmignano,Italy
Carnuntum,Austria
Carso,Italy
Carthage,Tunisia
Casa del Blanco,Spain
Casablanca Valley,Chile
Cassis,France
Castel del Monte,Italy
Castelli Romani,Italy
Castilla,Spain
Castilla y León,Spain
Castillon-Côtes de Bordeaux,France
Catalunya,Spain
Catamarca,Argentina
Cava,Spain
Cayuga Lake,United States
Cederberg,South Africa
Center,Mexico
Central,Uruguay
Central Anatolia,Turkey
Central Coast,United States
Central Orange River,South Africa
Central Otago,New Zealand
Central Ranges,Australia
Central Region,United States
Central Serbia,Serbia
Central Valley (CL),Chile
Central Valley (USA),United States
Central Victoria,Australia
Cephalonia,Greece
Cerasuolo d'Abruzzo,Italy
Cerasuolo di Vittoria,Italy
Ceres,South Africa
Cerro Chapeu,Uruguay
Cesanese di Olevano Romano,Italy
Cevennes,France
Chablais,Switzerland
Chablis,France
Chablis 1er Cru 'Beauroy',France
Chablis 1er Cru 'Butteaux',France
Chablis 1er Cru 'Côte de Jouan',France
Chablis 1er Cru 'Côte de Lechet',France
Chablis 1er Cru 'Fourchaume',France
Chablis 1er Cru 'Les Beauregards',France
Chablis 1er Cru 'Les Fourneaux',France
Chablis 1er Cru 'Mont de Milieu',France
Chablis 1er Cru 'Montee de Tonnerre',France
Chablis 1er Cru 'Montmains',France
Chablis 1er Cru 'Vaillons',France
Chablis 1er Cru 'Vau Ligneau',France
Chablis 1er Cru 'Vaulorent',France
Chablis Grand Cru 'Blanchot',France
Chablis Grand Cru 'Bougros',France
Chablis Grand Cru 'Grenouilles',France
Chablis Grand Cru 'La Moutonne',France
Chablis Grand Cru 'Les Clos',France
Chablis Grand Cru 'Preuses',France
Chablis Grand Cru 'Valmur',France
Chablis Grand Cru 'Vaudesir',France
Chablis Premier Cru,France
Chalk Hill,United States
Chalkidiki,Greece
Chalone,United States
Chambolle-Musigny,France
Chambolle-Musigny 1er Cru 'Aux Beaux Bruns',France
Chambolle-Musigny 1er Cru 'Derrière la Grange',France
Chambolle-Musigny 1er Cru 'La Combe d'Orveau',France
Chambolle-Musigny 1er Cru 'Les Amoureuses',France
Chambolle-Musigny 1er Cru 'Les Borniques',France
Chambolle-Musigny 1er Cru 'Les Charmes',France
Chambolle-Musigny 1er Cru 'Les Cras',France
Chambolle-Musigny 1er Cru 'Les Feusselottes',France
Chambolle-Musigny 1er Cru 'Les Fuées',France
Chambolle-Musigny 1er Cru 'Les Gruenchers',France
Chambolle-Musigny 1er Cru 'Les Hauts Doix',France
Chambolle-Musigny 1er Cru 'Les Sentiers',France
Chamoson,Switzerland
Champagne,France
Champagne Grand Cru,France
Champagne Grand Cru 'Ambonnay',France
Champagne Grand Cru 'Avize',France
Champagne Grand Cru 'Aÿ',France
Champagne Grand Cru 'Bouzy',France
Champagne Grand Cru 'Chouilly',France
Champagne Grand Cru 'Cramant',France
Champagne Grand Cru 'Le Mesnil-sur-Oger',France
Champagne Grand Cru 'Mailly',France
Champagne Grand Cru 'Oger',France
Champagne Grand Cru 'Sillery',France
Champagne Grand Cru 'Verzenay',France
Champagne Grand Cru 'Verzy',France
Champagne Premier Cru,France
Chania,Greece
Chao Praya Delta,Thailand
Chardonne,Switzerland
Charentais,France
Charmes-Chambertin Grand Cru,France
Chassagne-Montrachet,France
Chassagne-Montrachet 1er Cru 'Abbaye de Morgeot',France
Chassagne-Montrachet 1er Cru 'Blanchot Dessus',France
Chassagne-Montrachet 1er Cru 'Cailleret',France
Chassagne-Montrachet 1er Cru 'Chassagne du Clos Saint-Jean',France
Chassagne-Montrachet 1er Cru 'Clos Saint Jean',France
Chassagne-Montrachet 1er Cru 'En Cailleret',France
Chassagne-Montrachet 1er Cru 'En Virondot',France
Chassagne-Montrachet 1er Cru 'La Boudriotte',France
Chassagne-Montrachet 1er Cru 'La Grande Montagne',France
Chassagne-Montrachet 1er Cru 'La Maltroie',France
Chassagne-Montrachet 1er Cru 'La Romanée',France
Chassagne-Montrachet 1er Cru 'Les Baudines',France
Chassagne-Montrachet 1er Cru 'Les Chaumes',France
Chassagne-Montrachet 1er Cru 'Les Chenevottes',France
Chassagne-Montrachet 1er Cru 'Les Embazées',France
Chassagne-Montrachet 1er Cru 'Les Fairendes',France
Chassagne-Montrachet 1er Cru 'Les Grandes Ruchottes',France
Chassagne-Montrachet 1er Cru 'Les Murées',France
Chassagne-Montrachet 1er Cru 'Les Petits Clos',France
Chassagne-Montrachet 1er Cru 'Les Vergers',France
Chassagne-Montrachet 1er Cru 'Morgeot',France
Chassagne-Montrachet 1er Cru 'Tête du Clos',France
Chassagne-Montrachet Premier Cru,France
Chehalem Mountains,United States
Cheverny,France
Cheyres,Switzerland
Chianti,Italy
Chianti Classico,Italy
Chianti Colli Fiorentini,Italy
Chianti Colli Senesi,Italy
Chianti Montalbano,Italy
Chianti Montespertoli,Italy
Chianti Rùfina,Italy
Chihuahua,Mexico
Chiles Valley,United States
Chinon,France
Chiroubles,France
Chorey-lès-Beaune,France
Château-Chalon,France
Château-Grillet,France
Châteauneuf-du-Pape,France
Châtillon-en-Diois,France
Chénas,France
Cienega Valley,United States
Cigales,Spain
Cinque Terre,Italy
Cirò,Italy
Cisterna d'Asti,Italy
Cite de Carcassonne,France
Citrusdal Mountain,South Africa
Clairette de Languedoc,France
Clare Valley,Australia
Clarksburg,United States
Clear Lake,United States
Clements Hills,United States
Clos Saint-Denis Grand Cru,France
Clos Vougeot Grand Cru,France
Clos de Tart Grand Cru,France
Clos de la Roche Grand Cru,France
Coahuila,Mexico
Coal River Valley,Australia
Coastal Region,South Africa
Colares,Portugal
Colchagua Valley,Chile
Cole Ranch,United States
Colli Aprutini,Italy
Colli Berici,Italy
Colli Bolognesi,Italy
Colli Bolognesi Classico Pignoletto,Italy
Colli Euganei,Italy
Colli Euganei Fior d'Arancio,Italy
Colli Martani,Italy
Colli Orientali del Friuli,Italy
Colli Orientali del Friuli Picolit,Italy
Colli Piacentini,Italy
Colli Tortonesi,Italy
Colli Trevigiani,Italy
Colli de Scandiano e Canosa,Italy
Colli del Limbara,Italy
Colli della Toscana Centrale,Italy
Colli di Luni,Italy
Colli di Salerno,Italy
Collina del Milanese,Italy
Colline Lucchesi,Italy
Colline Novaresi,Italy
Colline Pescaresi,Italy
Colline Teatine,Italy
Collines Rhodaniennes,France
Collio,Italy
Collioure,France
Colorado,United States
Columbia Gorge,United States
Columbia Gorge Washington,United States
Columbia Valley,United States
Columbia Valley Oregon,United States
Commandaria,Cyprus
Comté Tolosan,France
Comtés Rhodaniens,France
Conca de Barberà,Spain
Condado de Huelva,Spain
Condrieu,France
Conegliano-Valdobbiadene Prosecco,Italy
Conegliano-Valdobbiadene Prosecco Superiore,Italy
Conegliano-Valdobbiadene Prosecco Superiore Rive,Italy
Connecticut,United States
Constantia,South Africa
Contea di Sclafani,Italy
Contessa Entellina,Italy
Continental Greece,Greece
Continental Region,Croatia
Contra Costa County,United States
Controguerra,Italy
Coombsville,United States
Coonawarra,Australia
Copertino,Italy
Corbières,France
Corbières Boutenac,France
Corfu,Greece
Cornas,France
Corsica,France
Cortese dell'Alto Monferrato,Italy
Corti Benedettine del Padovano,Italy
Corton Grand Cru,France
Corton Grand Cru 'Clos des Meix',France
Corton Grand Cru 'Hautes Mourottes',France
Corton Grand Cru 'Le Rognet et Corton',France
Corton Grand Cru 'Les Bressandes',France
Corton Grand Cru 'Les Carrieres',France
Corton Grand Cru 'Les Meix',France
Corton Grand Cru 'Les Perrières',France
Corton Grand Cru 'Les Renardes',France
Corton Grand Cru 'Les Vergennes',France
Corton-Charlemagne Grand Cru,France
Cortona,Italy
Costa Toscana,Italy
Costa d'Amalfi,Italy
Coste della Sesia,Italy
Costers del Segre,Spain
Costières-de-Nîmes,France
Coteaux Bourguignons,France
Coteaux Champenois,France
Coteaux Varois en Provence,France
Coteaux d'Aix-en-Provence,France
Coteaux de Béziers,France
Coteaux de Narbonne,France
Coteaux de Pierrevert,France
Coteaux de Saumur,France
Coteaux de Schengen,Luxembourg
Coteaux des Baronnies,France
Coteaux du Lyonnais,France
Coteaux du Pont du Gard,France
Coteaux du Vendômois,France
Coteaux-d'Ensérune,France
Cotes de l'Orbe,Switzerland
Cream Sherry,Spain
Creek Shores,Canada
Crete,Greece
Cricova,Moldova
Crimeia (Крим),Ukraine
Crozes-Hermitage,France
Crémant d'Alsace,France
Crémant de Bordeaux,France
Crémant de Bourgogne,France
Crémant de Limoux,France
Crémant de Loire,France
Crémant de Luxembourg,Luxembourg
Crémant du Jura,France
Cucamonga Valley,United States
Curico Valley,Chile
Currency Creek,Australia
Curtefranca,Italy
Cyclades,Greece
Cádiz,Spain
Cérons,France
Côte Chalonnaise,France
Côte Roannaise,France
Côte de Beaune,France
Côte de Beaune Villages,France
Côte de Brouilly,France
Côte de Nuits,France
Côte de Nuits Villages,France
Côte-Rôtie,France
Côteaux du Layon,France
Côtes Catalanes,France
Côtes de Bergerac,France
Côtes de Bordeaux,France
Côtes de Bourg,France
Côtes de Duras,France
Côtes de Gascogne,France
Côtes de Grevenmacher,Luxembourg
Côtes de Provence,France
Côtes de Remich,Luxembourg
Côtes de Sambre et Meuse,Belgium
Côtes de Thau,France
Côtes de Thongue,France
Côtes de la Charite,France
Côtes du Jura,France
Côtes du Lot,France
Côtes du Marmandais,France
Côtes du Roussillon,France
Côtes du Roussillon Villages,France
Côtes du Roussillon Villages 'Latour de France',France
Côtes du Vivarais,France
Côtes d’Auvergne,France
Côtes-du-Rhône,France
Côtes-du-Rhône-Villages,France
Côtes-du-Rhône-Villages 'Chusclan',France
Côtes-du-Rhône-Villages 'Laudun',France
Côtes-du-Rhône-Villages 'Massif d'Uchaux',France
Côtes-du-Rhône-Villages 'Plan de Dieu',France
Côtes-du-Rhône-Villages 'Roaix',France
Côtes-du-Rhône-Villages 'Rochegude',France
Côtes-du-Rhône-Villages 'Sablet',France
Côtes-du-Rhône-Villages 'Saint-Gervais',France
Côtes-du-Rhône-Villages 'Seguret',France
Côtes-du-Rhône-Villages 'Signargues',France
Côtes-du-Rhône-Villages 'Valréas',France
Côtes-du-Rhône-Villages 'Visan',France
Dagestan (Дагестан),Russia
Dalmatian Coast,Croatia
Danube,Romania
Danubian Plains,Bulgaria
Daphnes,Greece
Darling,South Africa
Daunia,Italy
Dealu Mare,Romania
Dealurile Olteniei,Romania
Deidesheim,Germany
Delle Venezie,Italy
Delta County,United States
Denizli,Turkey
Denmark,Denmark
Devon,United Kingdom
Dezaley,Switzerland
Diamond Mountain District,United States
Dienheim,Germany
Dingač,Croatia
Dobrudja,Romania
Dodecanese,Greece
Dogliani,Italy
Dolceacqua,Italy
Dolcetto d'Acqui,Italy
Dolcetto d'Alba,Italy
Dolcetto d'Asti,Italy
Dolcetto di Diano d'Alba,Italy
Dolcetto di Ovada,Italy
Dolny Śląsk,Poland
Dominio de Valdepusa,Spain
Don Valley (Долина Дона),Russia
Douro,Portugal
Douro Superior,Portugal
Drama,Greece
Dry Creek Valley,United States
Drăgășani,Romania
Duna,Hungary
Dundee Hills,United States
Dunnigan Hills,United States
Durbanville,South Africa
Duriense,Portugal
Dão,Portugal
Dél-Pannónia,Hungary
Eastern Anatolia,Turkey
Eastern Switzerland,Switzerland
Eden Valley,Australia
Edna Valley,United States
Ege Bolgesi,Turkey
Eger,Hungary
El Dorado,United States
El Dorado County,United States
El Terrerazo,Spain
El-Jadida,Morocco
Elba,Italy
Elgin,South Africa
Elim,South Africa
Elkton Oregon,United States
Eloro,Italy
Elqui Valley,Chile
Emilia,Italy
Emilia-Romagna,Italy
Empordà,Spain
England,United Kingdom
Ensenada,Mexico
Entre-deux-Mers,France
Eola-Amity Hills,United States
Epanomi,Greece
Epesses,Switzerland
Erbach,Germany
Erbaluce di Caluso,Italy
Erden,Germany
Escherndorf,Germany
Esino,Italy
Est! Est!! Est!!! di Montefiascone,Italy
Etna,Italy
Etulia,Moldova
Etyek-Buda,Hungary
Evia,Greece
Evora,Portugal
Extremadura,Spain
Fair Play,United States
Falanghina del Beneventano,Italy
Falanghina del Sannio,Italy
Falerio,Italy
Falerio Pecorino,Italy
Falerno del Massico,Italy
Famatina,Argentina
Faro,Italy
Faugères,France
Felso Magyarorszag,Hungary
Ferguson Valley,Australia
Fiano di Avellino,Italy
Fiddletown,United States
Finger Lakes,United States
Fino Sherry,Spain
Fitou,France
Fixin,France
Flandre,Belgium
Flanthey,Switzerland
Fleurie,France
Fleurieu,Australia
Florida,United States
Florina,Greece
Flörsheim-Dalsheim,Germany
Forst,Germany
Fort Ross-Seaview,United States
Four Mile Creek,Canada
Franche-Comte,France
Franciacorta,Italy
Francs-Côtes de Bordeaux,France
Franken,Germany
Frankland River,Australia
Franschhoek,South Africa
Frascati,Italy
Fraser Valley,Canada
Fredericksburg in the Texas Hill County,United States
Freisa d'Asti,Italy
Freisa di Chieri,Italy
Fresno County,United States
Freycinet Coast,Australia
Friuli,Italy
Friuli Annia,Italy
Friuli Aquileia,Italy
Friuli Grave,Italy
Friuli Isonzo,Italy
Friuli Latisana,Italy
Friuli-Venezia Giulia,Italy
Fronsac,France
Fronton,France
Fthiotida,Greece
Fully,Switzerland
Fyn,Denmark
Gabala,Azerbaijan
Gaillac,France
Galicia,Spain
Galilee,Israel
Gambellara,Italy
Gard,France
Garda,Italy
Gascogne,France
Gattinara,Italy
Gavi,Italy
Geelong,Australia
Gelderland,Netherlands
Gelendzhik (Геленджик),Russia
Genève,Switzerland
Geographe,Australia
Georgia,United States
Gerania,Greece
German Wine,Germany
Gers,France
Getariako Txakolina,Spain
Gevrey-Chambertin,France
Gevrey-Chambertin 1er Cru 'Au Closeau',France
Gevrey-Chambertin 1er Cru 'Aux Combottes',France
Gevrey-Chambertin 1er Cru 'Champeaux',France
Gevrey-Chambertin 1er Cru 'Champonnet',France
Gevrey-Chambertin 1er Cru 'Cherbaudes',France
Gevrey-Chambertin 1er Cru 'Clos Prieur',France
Gevrey-Chambertin 1er Cru 'Clos St Jacques',France
Gevrey-Chambertin 1er Cru 'Clos des Varoilles',France
Gevrey-Chambertin 1er Cru 'Combe au Moine',France
Gevrey-Chambertin 1er Cru 'Craipillot',France
Gevrey-Chambertin 1er Cru 'Estournelles St Jacques',France
Gevrey-Chambertin 1er Cru 'Fonteny',France
Gevrey-Chambertin 1er Cru 'Issarts',France
Gevrey-Chambertin 1er Cru 'La Bossière',France
Gevrey-Chambertin 1er Cru 'La Perrière',France
Gevrey-Chambertin 1er Cru 'La Romanée',France
Gevrey-Chambertin 1er Cru 'Lavaux Saint-Jacques',France
Gevrey-Chambertin 1er Cru 'Les Cazetiers',France
Gevrey-Chambertin 1er Cru 'Les Goulots',France
Gevrey-Chambertin 1er Cru 'Petite Chapelle',France
Gevrey-Chambertin 1er Cru 'Poissenot',France
Gevrey-Chambertin Premier Cru,France
Ghemme,Italy
Gibbston,New Zealand
Gigondas,France
Gimblett Gravels,New Zealand
Gioia del Colle,Italy
Gippsland,Australia
Gisborne,New Zealand
Givry,France
Givry 1er Cru 'Cellier aux Moines',France
Givry 1er Cru 'Clos Charle',France
Givry 1er Cru 'Clos Marole',France
Givry 1er Cru 'Clos Saint-Pierre',France
Givry 1er Cru 'Clos Salomon',France
Givry 1er Cru 'Clos du Cras Long',France
Givry 1er Cru 'La grande Berge',France
Givry 1er Cru 'Le Paradis',France
Givry 1er Cru 'Les grandes Vignes',France
Givry 1er Cru 'Les grands Pretans',France
Givry 1er Cru 'Petit Marole',France
Givry 1er Cru 'Servoisine',France
Givry Premier Cru,France
Gladstone,New Zealand
Gloucestershire,United Kingdom
Goiás,Brazil
Golan Heights,Israel
Golden Mile,Canada
Goriška Brda,Slovenia
Gothenburg,Sweden
Goumenissa,Greece
Gozo,Malta
Graach,Germany
Grampians,Australia
Granada Sur-Oeste,Spain
Grand River Valley,United States
Grand Valley,United States
Grands-Échezeaux Grand Cru,France
Granite Belt,Australia
Grappa di Barbaresco,Italy
Grappa di Barolo,Italy
Grappa di Brunello,Italy
Graubünden,Switzerland
Graves,France
Graves de Vayres,France
Great Southern,Australia
Great Western,Australia
Greater Perth,Australia
Greco di Tufo,Italy
Green Valley of Russian River Valley,United States
Grignan-les-Adhémar,France
Grignolino d'Asti,Italy
Grignolino del Monferrato Casalese,Italy
Griotte-Chambertin Grand Cru,France
Groenekloof,South Africa
Grottino di Roccanova,Italy
Gualtallary,Argentina
Guanajuato,Mexico
Guenoc Valley,United States
Guerrouane,Morocco
Gundagai,Australia
Gutturnio,Italy
Guyenne,France
Hagelandse Wijn,Belgium
Hajós-Baja,Hungary
Hallau,Switzerland
Hames Valley,United States
Happy Canyon of Santa Barbara,United States
Haskovo,Bulgaria
Haspengouwse Wijn,Belgium
Hastings River,Australia
Haut-Médoc,France
Haute Vallee de l'Aude,France
Haute Vallee de l'Orb,France
Hautes-Alpes,France
Haw River Valley,United States
Hawaii,United States
Hawke's Bay,New Zealand
Heathcote,Australia
Heideboden,Austria
Hemel-en-Aarde Ridge,South Africa
Hemel-en-Aarde Valley,South Africa
Henty,Australia
Heraklion,Greece
Hermann,United States
Hermitage,France
Hessische Bergstrasse,Germany
Heuvellandse Wijn,Belgium
High Eden,Australia
High Valley,United States
Hilltops,Australia
Hokkaidō-ken,Japan
Horse Heaven Hills,United States
Howell Mountain,United States
Hudson River Region,United States
Hungary,Hungary
Hunter,Australia
Hunter Valley,Australia
Huon Valley,Australia
Hérault,France
Ibiza,Spain
Ica,Peru
Idaho,United States
Ikaria,Greece
Ile de Beaute,France
Ilia,Greece
Illinois,United States
Indiana,United States
Iowa,United States
Irancy,France
Irouléguy,France
Irpinia,Italy
Irpinia Campi Taurasini,Italy
Ischia,Italy
Isere,France
Islas Baleares,Spain
Islas Canarias,Spain
Ismaros,Greece
Isola dei Nuraghi,Italy
Istria,Croatia
Itata Valley,Chile
Jasnières,France
Jerez-Xérès-Sherry,Spain
Jerusalem,Israel
Johannisberg,Germany
Jonkershoek Valley,South Africa
Juanico,Uruguay
Judean Hills,Israel
Jujuy,Argentina
Juliénas,France
Jumilla,Spain
Jura,France
Jurançon,France
Jutland,Denmark
Južnoslovenská,Slovakia
Kakheti,Georgia
Kamptal,Austria
Kansas,United States
Kanzem,Germany
Karditsa,Greece
Karst,Slovenia
Kartli,Georgia
Kavala,Greece
Kelowna,Canada
Kent,United Kingdom
Kentucky,United States
Kiedrich,Germany
Kindzmarauli,Georgia
King Valley,Australia
Kissamos,Greece
Klein Karoo,South Africa
Knights Valley,United States
Korinthos,Greece
Kos,Greece
Krakow,Poland
Krania,Greece
Krasnodar (Краснодарский),Russia
Kremstal,Austria
Krymsk (Крымск),Russia
Kuban (Кубань),Russia
Kumeu,New Zealand
Kunság,Hungary
Kutjevo,Croatia
Kvareli,Georgia
Kvemo,Georgia
L'Etoile,France
La Clape,France
La Consulta,Argentina
La Côte,Switzerland
La Mancha,Spain
La Pampa,Argentina
La Rioja,Argentina
La Romanée Grand Cru,France
Lacrima di Morro d'Alba,Italy
Ladoix,France
Ladoix 1er Cru 'La Corvée',France
Lago di Caldaro,Italy
Lago di Corbara,Italy
Lake Chelan,United States
Lake County,United States
Lake Erie,United States
Lake Erie New York,United States
Lake Erie North Shore,Canada
Lake Michigan Shore,United States
Lakonia,Greece
Lalande-de-Pomerol,France
Lambrusco Grasparossa di Castelvetro,Italy
Lambrusco Mantovano,Italy
Lambrusco Salamino di Santa Croce,Italy
Lambrusco di Sorbara,Italy
Lancaster County,United States
Landes,France
Langhe,Italy
Langhorne Creek,Australia
Languedoc,France
Languedoc-Roussillon,France
Lanzarote,Spain
Larnaca,Cyprus
Las Compuertas,Argentina
Las Violetas,Uruguay
Latakia,Syria
Latricières-Chambertin Grand Cru,France
Laujar-Alpujarra,Spain
Lavaux,Switzerland
Lazio,Italy
Leelanau Peninsula,United States
Lefkadia Valley (Долина Лефкадия),Russia
Lehigh Valley,United States
Leiwen,Germany
Lemesos,Cyprus
Lemnos,Greece
Lenswood,Australia
Les Baux-de-Provence,France
Les Coteaux de l’Atlas,Morocco
Lessona,Italy
Leverano,Italy
Leyda Valley,Chile
Libournais,France
Liguria,Italy
Limarí Valley,Chile
Limburg,Netherlands
Limestone Coast,Australia
Limoux,France
Lincoln Lakeshore,Canada
Linganore,United States
Lirac,France
Lisboa,Portugal
Lison,Italy
Lison-Pramaggiore,Italy
Listrac-Médoc,France
Livermore Valley,United States
Lizzano,Italy
Lodi,United States
Loire Valley,France
Lombardia,Italy
Loncomilla Valley,Chile
Long Island,United States
Lontue Valley,Chile
Los Angeles County,United States
Los Carneros,United States
Los Olivos,United States
Louisiana,United States
Loupiac,France
Lower Galilee,Israel
Lower Loire,France
Luberon,France
Lugana,Italy
Lujan de Cuyo,Argentina
Lussac-Saint-Émilion,France
Lutzville Valley,South Africa
Luxembourg,Luxembourg
Luzern,Switzerland
Macedon Ranges,Australia
Macedonia,Greece
Madeira,Portugal
Madeirense,Portugal
Madera,United States
Madiran,France
Madrid,Spain
Magnissia,Greece
Maharashtra,India
Maine,United States
Maipo Valley,Chile
Maipu,Argentina
Maldonado,Uruguay
Malepère,France
Malgas,South Africa
Malibu-Newton Canyon,United States
Malleco Valley,Chile
Mallorca,Spain
Malmsey Madeira,Portugal
Malokarpatská,Slovakia
Malta,Malta
Malvasia delle Lipari,Italy
Malvasia di Castelnuovo don Bosco,Italy
Manchuela,Spain
Manjimup,Australia
Mantinia,Greece
Manzanilla,Spain
Maranges,France
Maranges 1er Cru 'Le Clos des Loyères',France
Marca Trevigiana,Italy
Marche,Italy
Marcillac,France
Maremma Toscana,Italy
Margaret River,Australia
Margaux,France
Marin County,United States
Markopoulo,Greece
Marlborough,New Zealand
Marmara,Turkey
Marsala,Italy
Marsannay,France
Martinborough,New Zealand
Maryland,United States
Massachusetts,United States
Matakana,New Zealand
Maule Valley,Chile
Maury,France
Mayschoss,Germany
Mazis-Chambertin Grand Cru,France
Małopolska,Poland
McGregor,South Africa
McLaren Vale,Australia
McMinnville,United States
Mediterranean,Turkey
Mehedinti,Romania
Meknès,Morocco
Melnik,Bulgaria
Mendocino,United States
Mendocino County,United States
Mendocino Ridge,United States
Mendoza,Argentina
Menetou-Salon,France
Menfi,Italy
Mercurey,France
Mercurey 1er Cru 'Clos Voyens',France
Mercurey 1er Cru 'Clos de Paradis',France
Mercurey 1er Cru 'Clos des Barraults',France
Mercurey 1er Cru 'Clos des Myglands',France
Mercurey 1er Cru 'Clos des grands Voyens',France
Mercurey 1er Cru 'La Bondue',France
Mercurey 1er Cru 'La Mission',France
Mercurey 1er Cru 'Le Clos L'Evêque',France
Mercurey 1er Cru 'Les Champs Martin',France
Mercurey 1er Cru 'Les Crêts',France
Mercurey 1er Cru 'Les Ruelles',France
Mercurey 1er Cru 'Sazenay',France
Messinia,Greece
Meteora,Greece
Metsovo,Greece
Meursault,France
Meursault 1er Cru 'Blagny',France
Meursault 1er Cru 'Charmes',France
Meursault 1er Cru 'Clos des Perrières',France
Meursault 1er Cru 'Genevrières',France
Meursault 1er Cru 'La pièce sous le Bois',France
Meursault 1er Cru 'Les Bouchères',France
Meursault 1er Cru 'Les Caillerets',France
Meursault 1er Cru 'Les Cras',France
Meursault 1er Cru 'Perrières',France
Meursault 1er Cru 'Porusot',France
Michigan,United States
Middle Loire,France
Middle Rio Grande Valley,United States
Mikulovska,Czech Republic
Minas Gerais,Brazil
Minervois,France
Minervois La Livinière,France
Minho,Portugal
Minnesota,United States
Minsk (Мінск),Belarus
Missouri,United States
Mittelburgenland,Austria
Mittelrhein,Germany
Mitterberg,Italy
Modena,Italy
Mokelumne River,United States
Moldova Viniculture,Moldova
Molise,Italy
Monbazillac,France
Monferrato,Italy
Monica di Sardegna,Italy
Monreale,Italy
Mont-sur-Rolle,Switzerland
Montagne-Saint-Émilion,France
Montagny,France
Montagny 1er Cru 'L'epaule',France
Montagny 1er Cru 'Le Clos Chaudron',France
Montagny 1er Cru 'Le vieux Château',France
Montagny 1er Cru 'Les Bassets',France
Montagny 1er Cru 'Les Bonneveaux',France
Montagny 1er Cru 'Les Bouchots',France
Montagny 1er Cru 'Les Burnins',France
Montagny 1er Cru 'Les Chaniots',France
Montagny 1er Cru 'Les Coeres',France
Montagny 1er Cru 'Les Gouresses',France
Montagny 1er Cru 'Les Jardins',France
Montagny 1er Cru 'Les Platieres',France
Montagny 1er Cru 'Les Resses',France
Montagny 1er Cru 'Les Vignes Derrière',France
Montagny 1er Cru 'Montorge',France
Montagny 1er Cru 'Vigne du Soleil',France
Montagny Premier Cru,France
Montecarlo,Italy
Montecucco,Italy
Montefalco,Italy
Montefalco Sagrantino,Italy
Montello e Colli Asolani,Italy
Montepulciano d'Abruzzo,Italy
Montepulciano d'Abruzzo Colline Teramane,Italy
Monteregio di Massa Marittima,Italy
Monterey,United States
Monterey County,United States
Monterrei,Spain
Montevideo,Uruguay
Monthélie,France
Monthélie 1er Cru 'Sur la Velle',France
Monti Lessini,Italy
Monticello,United States
Montilla-Moriles,Spain
Montlouis-sur-Loire,France
Montpeyroux,France
Montrachet Grand Cru,France
Montravel,France
Montsant,Spain
Monção e Melgaço,Portugal
Moon Mountain District,United States
Morava,Czech Republic
Morellino di Scansano,Italy
Morey-Saint-Denis,France
Morey-Saint-Denis 1er Cru 'Aux Charmes',France
Morey-Saint-Denis 1er Cru 'Aux Cheseaux',France
Morey-Saint-Denis 1er Cru 'Clos Sorbe',France
Morey-Saint-Denis 1er Cru 'Clos des Ormes',France
Morey-Saint-Denis 1er Cru 'La Riotte',France
Morey-Saint-Denis 1er Cru 'Les Chaffots',France
Morey-Saint-Denis 1er Cru 'Les Charrières',France
Morey-Saint-Denis 1er Cru 'Les Chenevery',France
Morey-Saint-Denis 1er Cru 'Les Ruchots',France
Morey-Saint-Denis 1er Cru 'Les Sorbes',France
Morges,Switzerland
Morgon,France
Mornag,Tunisia
Mornington Peninsula,Australia
Moscadello di Montalcino,Italy
Moscato d'Asti,Italy
Moscato di Noto,Italy
Moscato di Pantelleria,Italy
Moscato di Scanzo,Italy
Moscato di Trani,Italy
Mosel,Germany
Moselle,Luxembourg
Moulin-à-Vent,France
Moulis-en-Médoc,France
Mount Barker,Australia
Mount Benson,Australia
Mount Carmel,Israel
Mount Gambier,Australia
Mount Harlan,United States
Mount Lebanon,Lebanon
Mount Lofty Ranges,Australia
Mount Veeder,United States
Moura,Portugal
Mudgee,Australia
Mukuzani,Georgia
Murfatlar,Romania
Murgia,Italy
Murray Darling,Australia
Muscadet,France
Muscadet-Coteaux de la Loire,France
Muscadet-Côtes de Grandlieu,France
Muscadet-Sevre et Maine,France
Muscat de Beaumes de Venise,France
Muscat de Frontignan,France
Muscat de Mireval,France
Muscat de Rivesaltes,France
Muscat de St. Jean de Minervois,France
Málaga,Spain
Mátra,Hungary
Mâcon,France
Mâcon-Azé,France
Mâcon-Burgy,France
Mâcon-Bussières,France
Mâcon-Chaintré,France
Mâcon-Chardonnay,France
Mâcon-Fuissé,France
Mâcon-Igé,France
Mâcon-La Roche-Vineuse,France
Mâcon-Loché,France
Mâcon-Lugny,France
Mâcon-Pierreclos,France
Mâcon-Prissé,France
Mâcon-Péronne,France
Mâcon-Uchizy,France
Mâcon-Vergisson,France
Mâcon-Villages,France
Mâconnais,France
Méditerranée,France
Médoc,France
Méntrida,Spain
Múrcia,Spain
Mělník (CZ),Czech Republic
Nagambie Lakes,Australia
Nagano-ken,Japan
Nagy-Somló,Hungary
Nahe,Germany
Naoussa,Greece
Napa County,United States
Napa Valley,United States
Napier,South Africa
Naramata Bench,Canada
Nardò,Italy
Nashik,India
Navarra,Spain
Nebbiolo d'Alba,Italy
Nebraska,United States
Negev,Israel
Neipperg,Germany
Nelson,New Zealand
Nemea,Greece
Neszmély,Hungary
Neuchâtel,Switzerland
Neusiedlersee,Austria
Neusiedlersee-Hügelland,Austria
New England Australia,Australia
New Hampshire,United States
New Jersey,United States
New Mexico,United States
New South Wales,Australia
New York,United States
New Zealand,New Zealand
Niagara Escarpment,United States
Niagara Escarpment-Ontario,Canada
Niagara Lakeshore,Canada
Niagara Peninsula,Canada
Niagara River,Canada
Niagara-on-the-Lake,Canada
Niederösterreich,Austria
Nierstein,Germany
Ningxia,China
Nitrianska,Slovakia
Nizza,Italy
North,Mexico
North Carolina,United States
North Coast,United States
North East Victoria,Australia
North Fork of Long Island,United States
North Fork of Roanoke,United States
North Island,New Zealand
Northern Jordan,Jordan
Northern Region,United States
Northern Rhône,France
Northern Sonoma,United States
Northern Tasmania,Australia
Noto,Italy
Nova Scotia,Canada
Novorossiysk (Новороссийск),Russia
Nuits-Saint-Georges,France
Nuits-Saint-Georges 1er Cru 'Aux Boudots',France
Nuits-Saint-Georges 1er Cru 'Aux Bousselots',France
Nuits-Saint-Georges 1er Cru 'Aux Chaignots',France
Nuits-Saint-Georges 1er Cru 'Aux Cras',France
Nuits-Saint-Georges 1er Cru 'Aux Murgers',France
Nuits-Saint-Georges 1er Cru 'Aux Perdrix',France
Nuits-Saint-Georges 1er Cru 'Aux Thorey',France
Nuits-Saint-Georges 1er Cru 'Aux Vignerondes',France
Nuits-Saint-Georges 1er Cru 'Clos des Argillières',France
Nuits-Saint-Georges 1er Cru 'Clos des Porrets Saint-Georges',France
Nuits-Saint-Georges 1er Cru 'La Richemone',France
Nuits-Saint-Georges 1er Cru 'Les Cailles',France
Nuits-Saint-Georges 1er Cru 'Les Chaboeufs',France
Nuits-Saint-Georges 1er Cru 'Les Crots',France
Nuits-Saint-Georges 1er Cru 'Les Damodes',France
Nuits-Saint-Georges 1er Cru 'Les Didiers',France
Nuits-Saint-Georges 1er Cru 'Les Hauts Pruliers',France
Nuits-Saint-Georges 1er Cru 'Les Porrets Saint-Georges',France
Nuits-Saint-Georges 1er Cru 'Les Poulettes',France
Nuits-Saint-Georges 1er Cru 'Les Pruliers',France
Nuits-Saint-Georges 1er Cru 'Les Terres Blanches',France
Nuits-Saint-Georges 1er Cru 'Les Vallerots',France
Nuits-Saint-Georges 1er Cru 'Les Vaucrains',France
Nuits-Saint-Georges Premier Cru,France
Nuragus di Cagliari,Italy
Nuy,South Africa
Nyaungshwe,Myanmar
Oak Knoll District,United States
Oakville,United States
Ockfen,Germany
Odessa (Одеса),Ukraine
Offida,Italy
Ohio,United States
Ohio River Valley,United States
Ohrid,North Macedonia
Okanagan Falls,Canada
Okanagan Valley,Canada
Oklahoma,United States
Old Mission Peninsula,United States
Olifants River,South Africa
Ollon,Switzerland
Oloroso Sherry,Spain
Oltrepo Pavese Metodo Classico,Italy
Oltrepò Pavese,Italy
Ontario,Canada
Orange,Australia
Orange County,United States
Orcia,Italy
Oregon,United States
Oregon Yamhill-Carlton,United States
Orléans,France
Orvietano Rosso,Italy
Orvieto,Italy
Orvieto Classico,Italy
Osorno Valley,Chile
Otazu,Spain
Outer Coastal Plain,United States
Overberg,South Africa
Ozark Highlands,United States
Paarl,South Africa
Pacherenc du Vic-Bilh,France
Padthaway,Australia
Paestum,Italy
Pago Florentino,Spain
Paicines,United States
Paiva,Portugal
Palmela,Portugal
Palo Cortado Sherry,Spain
Panciu,Romania
Pangeon,Greece
Pannonhalma,Hungary
Paphos,Cyprus
Paraje Altamira,Argentina
Paraná,Brazil
Parrina,Italy
Paso Robles,United States
Passito di Pantelleria,Italy
Patagonia,Argentina
Patagonia (Chile),Chile
Patras,Greece
Patrimonio,France
Pauillac,France
Pays Nantais,France
Pays d'Oc,France
Pazardjik,Bulgaria
País Vasco,Spain
Pedernal Valley,Argentina
Pedro Ximénez Sherry (PX),Spain
Pella,Greece
Peloponnesos,Greece
Pemberton,Australia
Penedès,Spain
Pennsylvania,United States
Península de Setúbal,Portugal
Perdriel,Argentina
Perigord,France
Pernand-Vergelesses,France
Pernand-Vergelesses 1er Cru 'Clos Berthet',France
Pernand-Vergelesses 1er Cru 'En Caradeux',France
Pernand-Vergelesses 1er Cru 'Ile des Vergelesses',France
Pernand-Vergelesses 1er Cru 'Les Fichots',France
Pernand-Vergelesses 1er Cru 'Sous Frétille',France
Pernand-Vergelesses 1er Cru 'Vergelesses',France
Pessac-Léognan,France
Petaluma Gap,United States
Petit Chablis,France
Peumo,Chile
Peza,Greece
Pfalz,Germany
Piave,Italy
Piave Malanotte,Italy
Pic-Saint-Loup,France
Piccadilly Valley,Australia
Pico,Portugal
Picpoul de Pinet,France
Piekenierskloof,South Africa
Piemonte,Italy
Piesport,Germany
Pineau des Charentes,France
Pinerolese,Italy
Pinto Bandeira,Brazil
Pipers River,Australia
Pirque,Chile
Pla de Bages,Spain
Planalto Catarinense,Brazil
Plesivica,Croatia
Plovdiv,Bulgaria
Plà i Llevant,Spain
Podgorica,Montenegro
Podkarpacie,Poland
Podravje,Slovenia
Pomerol,France
Pomino,Italy
Pommard,France
Pommard 1er Cru 'Clos Blanc',France
Pommard 1er Cru 'Clos de la Commaraine',France
Pommard 1er Cru 'Clos des Epeneaux',France
Pommard 1er Cru 'En Largillière',France
Pommard 1er Cru 'La Platière',France
Pommard 1er Cru 'Les Arvelets',France
Pommard 1er Cru 'Les Bertins',France
Pommard 1er Cru 'Les Boucherottes',France
Pommard 1er Cru 'Les Chanlins-Bas',France
Pommard 1er Cru 'Les Chaponnières',France
Pommard 1er Cru 'Les Charmots',France
Pommard 1er Cru 'Les Combes Dessus',France
Pommard 1er Cru 'Les Epenots',France
Pommard 1er Cru 'Les Fremiers',France
Pommard 1er Cru 'Les Grands Epenots',France
Pommard 1er Cru 'Les Petits Epenots',France
Pommard 1er Cru 'Les Poutures',France
Pommard 1er Cru 'Les Pézerolles',France
Pommard 1er Cru 'Les Rugiens',France
Pommard 1er Cru 'Les Saussilles',France
Pommard Premier Cru,France
Porongurup,Australia
Port Phillip,Australia
Portalegre,Portugal
Porto,Portugal
Posavje,Slovenia
Potter Valley,United States
Pouilly-Fuissé,France
Pouilly-Fumé,France
Pouilly-Sur-Loire,France
Pouilly-Vinzelles,France
Povardarie,North Macedonia
Premières Côtes de Blaye,France
Premières Côtes de Bordeaux,France
Primitivo di Manduria,Italy
Primitivo di Manduria Dolce Naturale,Italy
Primorje,Slovenia
Prince Albert Valley,South Africa
Prince Edward County,Canada
Priorat,Spain
Progreso,Uruguay
Prosecco,Italy
Prosecco di Treviso,Italy
Provence,France
Provincia di Pavia,Italy
Puente Alto,Chile
Puget Sound,United States
Puglia,Italy
Puisseguin-Saint-Émilion,France
Puligny-Montrachet,France
Puligny-Montrachet 1er Cru 'Champ Canet',France
Puligny-Montrachet 1er Cru 'Champ Gain',France
Puligny-Montrachet 1er Cru 'Clos de la Garenne',France
Puligny-Montrachet 1er Cru 'Clos de la Mouchère',France
Puligny-Montrachet 1er Cru 'Hameau de Blagny',France
Puligny-Montrachet 1er Cru 'La Garenne',France
Puligny-Montrachet 1er Cru 'La Truffière',France
Puligny-Montrachet 1er Cru 'Le Cailleret',France
Puligny-Montrachet 1er Cru 'Les Combettes',France
Puligny-Montrachet 1er Cru 'Les Demoiselles',France
Puligny-Montrachet 1er Cru 'Les Folatières',France
Puligny-Montrachet 1er Cru 'Les Perrières',France
Puligny-Montrachet 1er Cru 'Les Pucelles',France
Puligny-Montrachet 1er Cru 'Les Referts',France
Puligny-Montrachet 1er Cru 'Sous le Puits',France
Puy-de-Dome,France
Pyrenees,Australia
Pyrenées,France
Pécharmant,France
Pécs,Hungary
Quarts de Chaume,France
Quebec,Canada
Queensland,Australia
Querétaro,Mexico
Quincy,France
Rabisha,Bulgaria
Racha-Lechkhumi,Georgia
Ramandolo,Italy
Rapel Valley,Chile
Rapsani,Greece
Rasteau,France
Rattlesnake Hills,United States
Recas,Romania
Recioto della Valpolicella,Italy
Recioto della Valpolicella Classico,Italy
Recioto di Soave,Italy
Recioto di Soave Classico,Italy
Red Hills Lake County,United States
Red Mountain,United States
Redondo,Portugal
Redwood Valley,United States
Reestdal,Netherlands
Reggiano,Italy
Reguengos,Portugal
Reno,Italy
Reuilly,France
Rheingau,Germany
Rheinhessen,Germany
Rheintal,Switzerland
Rhode Island,United States
Rhodes,Greece
Rhone Valley,France
Ribatejo,Portugal
Ribbon Ridge,United States
Ribeira Sacra,Spain
Ribeiro,Spain
Ribera del Duero,Spain
Ribera del Guadiana,Spain
Ribera del Gállego-Cinco Villas,Spain
Ribera del Júcar,Spain
Ribera del Queiles,Spain
Richebourg Grand Cru,France
Rio Grande do Sul,Brazil
Rio Negro,Argentina
Rioja,Spain
Rioja Alavesa,Spain
Rioja Alta,Spain
Ritsona,Greece
River Junction,United States
Rivera,Uruguay
Riverina,Australia
Riverland,Australia
Riverside County,United States
Rivesaltes,France
Riviera Ligure di Ponente,Italy
Robe,Australia
Robertson,South Africa
Roccamonfina,Italy
Rockpile,United States
Roero,Italy
Rogue Valley,United States
Romagna,Italy
Roman wall,Romania
Romania Viniculture,Romania
Ronchi di Brescia,Italy
Rosazzo,Italy
Rose Valley,Bulgaria
Rosso Conero,Italy
Rosso Conero Riserva,Italy
Rosso Piceno,Italy
Rosso Veronese,Italy
Rosso di Montalcino,Italy
Rosso di Montepulciano,Italy
Rosé d'Anjou,France
Rosé de Loire,France
Rosé des Riceys,France
Roussette du Bugey,France
Rubicone,Italy
Ruchè,Italy
Rueda,Spain
Rully,France
Rully 1er Cru 'Chapitre',France
Rully 1er Cru 'Cloux',France
Rully 1er Cru 'La Bressande',France
Rully 1er Cru 'Margotés',France
Rully 1er Cru 'Molesme',France
Rully 1er Cru 'Preaux',France
Rully 1er Cru 'Raclot',France
Rully 1er Cru 'Vauvry',France
Rully Premier Cru,France
Russian River Valley,United States
Rutherford,United States
Rutherglen,Australia
Régnié,France
Rías Baixas,Spain
Rüdesheim,Germany
Saale-Unstrut,Germany
Sable de Camargue,France
Sachsen,Germany
Saddle Rock Malibu,United States
Saint-Amour,France
Saint-Aubin,France
Saint-Aubin 1er Cru 'Bas de Vermarain à l'est',France
Saint-Aubin 1er Cru 'Derrière chez Edouard',France
Saint-Aubin 1er Cru 'En Créot',France
Saint-Aubin 1er Cru 'En Montceau',France
Saint-Aubin 1er Cru 'En Remilly',France
Saint-Aubin 1er Cru 'La Chatenière',France
Saint-Aubin 1er Cru 'Le Charmois',France
Saint-Aubin 1er Cru 'Le Puits',France
Saint-Aubin 1er Cru 'Les Castets',France
Saint-Aubin 1er Cru 'Les Champlots',France
Saint-Aubin 1er Cru 'Les Combes',France
Saint-Aubin 1er Cru 'Les Frionnes',France
Saint-Aubin 1er Cru 'Les Murgers des Dents de Chien',France
Saint-Aubin 1er Cru 'Les Perrières',France
Saint-Aubin 1er Cru 'Pitangeret',France
Saint-Aubin 1er Cru 'Sous Roche Dumay',France
Saint-Aubin 1er Cru 'Sur Gamay',France
Saint-Aubin 1er Cru 'Sur le Sentier du Clou',France
Saint-Bris,France
Saint-Chinian,France
Saint-Chinian Berlou,France
Saint-Chinian Roquebrun,France
Saint-Drézéry,France
Saint-Estèphe,France
Saint-Georges-Saint-Émilion,France
Saint-Guilhem-le-Desert,France
Saint-Joseph,France
Saint-Julien,France
Saint-Leonard,Switzerland
Saint-Mont,France
Saint-Nicolas-de-Bourgueil,France
Saint-Pourçain,France
Saint-Péray,France
Saint-Romain,France
Saint-Saphorin,Switzerland
Saint-Saturnin,France
Saint-Véran,France
Saint-Émilion,France
Saint-Émilion Grand Cru,France
Sainte-Foy-Bordeaux,France
Salento,Italy
Salgesch,Switzerland
Salice Salentino,Italy
Salina,Italy
Salta,Argentina
Salto,Uruguay
Samaria,Israel
Samburesti,Romania
Samos,Greece
San Antonio Valley,United States
San Antonio Valley (CL),Chile
San Benito,United States
San Benito County,United States
San Bernabe,United States
San Carlos,Argentina
San Diego County,United States
San Francisco Bay,United States
San Gimignano,Italy
San José,Uruguay
San Juan,Argentina
San Luis Obispo County,United States
San Marino,San Marino
San Rafael,Argentina
Sancerre,France
Sangiovese di Romagna,Italy
Sannio,Italy
Sant'Antimo,Italy
Santa Barbara County,United States
Santa Catarina,Brazil
Santa Clara County,United States
Santa Clara Valley,United States
Santa Cruz County,United States
Santa Cruz Mountains,United States
Santa Lucia Highlands,United States
Santa Maria Valley,United States
Santa Ynez Valley,United States
Santenay,France
Santenay 1er Cru 'Beauregard',France
Santenay 1er Cru 'Beaurepaire',France
Santenay 1er Cru 'Clos Faubard',France
Santenay 1er Cru 'Clos Rousseau',France
Santenay 1er Cru 'Clos de Tavannes',France
Santenay 1er Cru 'La Comme',France
Santenay 1er Cru 'La Maladière',France
Santenay 1er Cru 'Les Gravières',France
Santiago,Chile
Santorini,Greece
Saone-et-Loire,France
Sardegna,Italy
Sardón de Duero,Spain
Sarica Niculitel,Romania
Saumur,France
Saumur-Champigny,France
Sauternes,France
Savennières,France
Savennières-Roche-aux-Moines,France
Savigny-lès-Beaune,France
Savigny-lès-Beaune 1er Cru 'Aux Clous',France
Savigny-lès-Beaune 1er Cru 'Aux Fourneaux',France
Savigny-lès-Beaune 1er Cru 'Aux Gravains',France
Savigny-lès-Beaune 1er Cru 'Aux Guettes',France
Savigny-lès-Beaune 1er Cru 'Aux Serpentières',France
Savigny-lès-Beaune 1er Cru 'La Dominode',France
Savigny-lès-Beaune 1er Cru 'Les Haut Jarrons',France
Savigny-lès-Beaune 1er Cru 'Les Lavières',France
Savigny-lès-Beaune 1er Cru 'Les Marconnets',France
Savigny-lès-Beaune 1er Cru 'Les Narbantons',France
Savigny-lès-Beaune 1er Cru 'Les Peuillets',France
Savigny-lès-Beaune 1er Cru 'Les Rouvrettes',France
Savigny-lès-Beaune 1er Cru 'Les Talmettes',France
Savigny-lès-Beaune 1er Cru 'Les Vergelesses',France
Savigny-lès-Beaune 1er Cru 'Redrescul',France
Savigny-lès-Beaune Premier Cru,France
Savoie,France
Scanderbeg,Albania
Schaffhausen,Switzerland
Schwaben,Romania
Schweigen,Germany
Sebino,Italy
Seneca Lake,United States
Sennoy (Сенной),Russia
Sercial Madeira,Portugal
Serra Gaúcha,Brazil
Serra Negra,Brazil
Serra do Sudeste,Brazil
Serres,Greece
Setúbal,Portugal
Sforzato della Valtellina,Italy
Shamakha,Azerbaijan
Shandong,China
Shanxi,China
Sharon,Israel
Shenandoah Valley,United States
Shoalhaven Coast,Australia
Short Hills Bench,Canada
Sicilia,Italy
Siebeldingen,Germany
Sierra Foothills,United States
Sierra Norte de Sevilla,Spain
Sierra Sur de Jaén,Spain
Sierra de Salamanca,Spain
Sierras de Málaga,Spain
Sierre,Switzerland
Similkameen Valley,Canada
Simonsberg-Paarl,South Africa
Simonsberg-Stellenbosch,South Africa
Sion,Switzerland
Sjeverna Dalmacija,Croatia
Skopje,North Macedonia
Slanghoek,South Africa
Slavonija,Croatia
Slopes of Egialia,Greece
Slopes of Meliton,Greece
Slopes of Paiko,Greece
Slovakia,Slovakia
Slovenian Istria,Slovenia
Snake River Valley,United States
Snipes Mountain,United States
Soave,Italy
Soave Classico,Italy
Soave Superiore,Italy
Solano County,United States
Sommières,France
Somontano,Spain
Sonoita,United States
Sonoma Coast,United States
Sonoma County,United States
Sonoma Mountain,United States
Sonoma Valley,United States
Sopron,Hungary
South Australia,Australia
South Coast,United States
South Coast Australia,Australia
South Dakota,United States
South Eastern,Moldova
South Eastern Australia,Australia
South Island,New Zealand
South West Australia,Australia
South West France,France
Southeastern Anatolia,Turkey
Southeastern New England,United States
Southern Fieurieu,Australia
Southern Highlands,Australia
Southern New South Wales,Australia
Southern Oregon,United States
Southern Rhône,France
Southern Tasmania,Australia
Southwest Region,United States
Sovana,Italy
Spata,Greece
Spring Mountain District,United States
Srednja I Juzna Dalmacija,Croatia
Srem,Serbia
St. David's Bench,Canada
St. Gallen,Switzerland
St. Helena,United States
Sta. Rita Hills,United States
Stags Leap District,United States
Stara Zagora,Bulgaria
Stavropol's Region (Ставропольский край),Russia
Steiermark,Austria
Steirerland,Austria
Stellenbosch,South Africa
Stetten,Germany
Stockholm,Sweden
Strathbogie Ranges,Australia
Struma River Valley,Bulgaria
Subotica-Horgos,Serbia
Suisun Valley,United States
Sunbury,Australia
Surrey,United Kingdom
Sussex,United Kingdom
Swan Creek,United States
Swan Hill,Australia
Swan Valley,Australia
Swartland,South Africa
Swellendam,South Africa
Switzerland,Switzerland
Szekszárd,Hungary
São Paulo,Brazil
Südburgenland,Austria
Südoststeiermark,Austria
Südsteiermark,Austria
Südtirol Eisacktaler,Italy
Südtirol-Alto Adige,Italy
Ta Qali,Malta
Taburno,Italy
Taman Peninsula (Таманский полуостров),Russia
Tamar Valley,Australia
Tarantino,Italy
Tarija,Bolivia
Tarnave,Romania
Tarragona,Spain
Tasmania,Australia
Taurasi,Italy
Tavel,France
Tejo,Portugal
Telavi,Georgia
Temecula Valley,United States
Tennessee,United States
Terek Valley (Долина Терека),Russia
Teroldego Rotaliano,Italy
Terra Alta,Spain
Terrasses du Larzac,France
Terrazze Retiche di Sondrio,Italy
Terre Siciliane,Italy
Terre degli Osci,Italy
Terre del Volturno,Italy
Terre di Chieti,Italy
Texas,United States
Texas High Plains,United States
Texas Hill Country,United States
Thebes,Greece
Thermenregion,Austria
Thessalia,Greece
Thessaloniki,Greece
Thrace (BG),Bulgaria
Thrace (GR),Greece
Thrace (TR),Turkey
Thracian Valley,Bulgaria
Thurgau,Switzerland
Ticino,Switzerland
Tierra de León,Spain
Tierra del Vino de Zamora,Spain
Tikveš,North Macedonia
Tintilia del Molise,Italy
Todi,Italy
Tokaj,Hungary
Tokat,Turkey
Tolna,Hungary
Torgiano,Italy
Toro,Spain
Toscana,Italy
Touraine,France
Touraine Noble Joué,France
Touraine-Amboise,France
Traisental,Austria
Trakiiska Nizina,Bulgaria
Transmontano,Portugal
Transylvania,Romania
Trasimeno,Italy
Trebbiano d'Abruzzo,Italy
Trebbiano di Romagna,Italy
Trentino,Italy
Trentino-Alto Adige,Italy
Trento,Italy
Trevenezie,Italy
Trifilia,Greece
Trittenheim,Germany
Trás-os-Montes,Portugal
Tsinandali,Georgia
Tulbagh,South Africa
Tulum Valley,Argentina
Tumbarumba,Australia
Tunisia,Tunisia
Tunuyán,Argentina
Tupungato,Argentina
Tursan,France
Twenty Mile Bench,Canada
Tygerberg,South Africa
Tyrnavos,Greece
Távora-Varosa,Portugal
Uclés,Spain
Uco Valley,Argentina
Umbria,Italy
Umpqua Valley,United States
Upper Galilee,Israel
Upper Goulburn,Australia
Upper Loire,France
Upper Thrace,Bulgaria
Utah,United States
Utiel-Requena,Spain
Utrecht,Netherlands
Uvrier,Switzerland
Vacqueyras,France
Vaduz,Liechtenstein
Val d'Arbia,Italy
Val de Loire,France
Val de Montferrand,France
Val di Cornia,Italy
Val di Neto,Italy
Valais,Switzerland
Valcamonica,Italy
Valdadige,Italy
Valdejalón,Spain
Valdeorras,Spain
Valdepeñas,Spain
Valdichiana,Italy
Vale do São Francisco,Brazil
Vale dos Vinhedos,Brazil
Valencia,Spain
Vallagarina,Italy
Valle Isarco,Italy
Valle d'Aosta,Italy
Valle d'Itria,Italy
Valle de Cauquenes,Chile
Valle de Guadalupe,Mexico
Valle de Parras,Mexico
Valle de la Orotava,Spain
Valle del Cinca,Spain
Vallee du Paradis,France
Valles de Sadacia,Spain
Valley de Calafia,Mexico
Valli Ossolane,Italy
Valli di Porto Pino,Italy
Valpaços,Portugal
Valpolicella,Italy
Valpolicella Classico,Italy
Valpolicella Ripasso,Italy
Valpolicella Ripasso Classico,Italy
Valpolicella Valpantena,Italy
Valtellina,Italy
Valtellina Superiore,Italy
Valtenesi,Italy
Vancouver Island,Canada
Var,France
Vaucluse,France
Vaud,Switzerland
Vayots Dzor,Armenia
Velke Krumvíř,Czech Republic
Velkopavlovicka,Czech Republic
Velletri,Italy
Velventos,Greece
Veneto,Italy
Venezia,Italy
Venezia Giulia,Italy
Ventoux,France
Ventura County,United States
Verdelho Madeira,Portugal
Verdicchio dei Castelli di Jesi,Italy
Verdicchio dei Castelli di Jesi Riserva,Italy
Verdicchio di Matelica,Italy
Verdicchio di Matelica Riserva,Italy
Verduno,Italy
Vermentino di Gallura,Italy
Vermentino di Sardegna,Italy
Vermont,United States
Vernaccia di Oristano,Italy
Vernaccia di San Gimignano,Italy
Verona,Italy
Vesuvio,Italy
Vetroz,Switzerland
Victoria,Australia
Vidigueira,Portugal
Vigneti delle Dolomiti,Italy
Villa de Leyva,Colombia
Villeneuve,Switzerland
Villette,Switzerland
Villány,Hungary
Vin Santo,Italy
Vin Santo del Chianti,Italy
Vin Santo del Chianti Classico,Italy
Vin Santo di Montepulciano,Italy
Vin de Corse,France
Vin de France,France
Vin de Pays,France
Vin de Savoie,France
Vinemount Ridge,Canada
Vinho Verde,Portugal
Vinho de Portugal,Portugal
Vino Nobile di Montepulciano,Italy
Vino d'Italia,Italy
Vino de España,Spain
Vins des Allobroges,France
Vinsobres,France
Viotia,Greece
Vipava,Slovenia
Virginia,United States
Viré-Clessé,France
Visperterminen,Switzerland
Vista Flores,Argentina
Vistalba,Argentina
Vittoria,Italy
Volnay,France
Volnay 1er Cru 'Carelle sous la Chapelle',France
Volnay 1er Cru 'Champans',France
Volnay 1er Cru 'Clos de la Barre',France
Volnay 1er Cru 'Clos de la Cave des Ducs',France
Volnay 1er Cru 'Clos des 60 Ouvrées',France
Volnay 1er Cru 'Clos des Chênes',France
Volnay 1er Cru 'Clos des Ducs',France
Volnay 1er Cru 'Clos du Verseuil',France
Volnay 1er Cru 'En Chevret',France
Volnay 1er Cru 'Fremiets',France
Volnay 1er Cru 'Le Ronceret',France
Volnay 1er Cru 'Les Angles',France
Volnay 1er Cru 'Les Brouillards',France
Volnay 1er Cru 'Les Caillerets',France
Volnay 1er Cru 'Robardelle',France
Volnay 1er Cru 'Santenots',France
Volnay 1er Cru 'Taille Pieds',France
Voor Paardeberg,South Africa
Vosne-Romanée,France
Vosne-Romanée 1er Cru 'Au Cros Parantoux',France
Vosne-Romanée 1er Cru 'Aux Brulées',France
Vosne-Romanée 1er Cru 'En Orveaux',France
Vosne-Romanée 1er Cru 'Les Beaux Monts',France
Vosne-Romanée 1er Cru 'Les Chaumes',France
Vosne-Romanée 1er Cru 'Les Gaudichots',France
Vosne-Romanée 1er Cru 'Les Petits Monts',France
Vosne-Romanée 1er Cru 'Les Rouges',France
Vosne-Romanée 1er Cru 'Les Suchots',France
Vosne-Romanée 1er Cru 'Malconsorts',France
Vougeot,France
Vougeot 1er Cru 'Les Crâs',France
Vouvray,France
Vrancea,Romania
Vully,Switzerland
Wachau,Austria
Wagram,Austria
Wahluke Slope,United States
Waiheke Island,New Zealand
Waipara,New Zealand
Wairarapa,New Zealand
Waitaki,New Zealand
Wales,United Kingdom
Walker Bay,South Africa
Walla Walla Valley,United States
Walla Walla Valley Oregon,United States
Wallonie,Belgium
Walporzheim,Germany
Washington,United States
Wehlen,Germany
Weinland,Austria
Weinviertel,Austria
Wellington,South Africa
Western Australia,Australia
Western Cape,South Africa
Western Victoria,Australia
Westschweiz,Switzerland
Wien,Austria
Wiener Gemischter Satz,Austria
Willamette Valley,United States
Willow Creek,United States
Wiltingen,Germany
Wintrich,Germany
Wisconsin,United States
Wognum,Netherlands
Worcester,South Africa
Wrattonbully,Australia
Wythe County,United States
Württemberg,Germany
Würzburg,Germany
Xinjiang,China
Yadkin County,United States
Yadkin Valley,United States
Yakima Valley,United States
Yamagata-Ken,Japan
Yamanashi-ken,Japan
Yamhill County,United States
Yarra Valley,Australia
Yecla,Spain
Yolo County,United States
Yorkville Highlands,United States
Yountville,United States
Yvorne,Switzerland
Zacatecas,Mexico
Zakarpattia (Закарпатська),Ukraine
Zakynthos,Greece
Zenatta,Morocco
Zitsa,Greece
Zug,Switzerland
Zurcher Weinland,Switzerland
Zurichsee,Switzerland
Zürich,Switzerland
d Minis,Romania
Échezeaux Grand Cru,France
Óbidos,Portugal
Ürzig,Germany
Štajerska,Slovenia
Šumadija-Great Morava,Serbia
